"Full Name",Mobile,Email,Message,Consent
"Holly A. Corbeil",5304531710,HollyACorbeil@teleworm.us,"FremontInsuranceAgent.com
",Yes
Sarfaraj,2342342342,sarfaraj.sipai@techaxion.com,test,Yes
Sarfaraj,2342342342,sarfaraj.sipai@techaxion.in,sdfsdf,Yes
sadsadasd,2342342342,sarfaraj.sipai@techaxion.com,asdasdsadsa,Yes
fgdfgfd,2342342342,sarfaraj.sipai@techaxion.com,gfhfghgh,Yes
Sarfaraj,2342342342,sarfaraj.sipai@techaxion.com,sdfdsf,Yes
Sarfaraj,2342342342,sarfaraj.sipai@techaxion.com,jkljkljk,Yes
Sarfaraj,2342342342,sarfaraj.sipai@techaxion.com,sdfsdf,Yes
Sarfaraj,2342342342,sarfaraj.sipai@techaxion.com,sdfsdfs,Yes
Sarfaraj,2342342342,sarfaraj.sipai@techaxion.com,sdfdsfsf,Yes
Sarfaraj,2342342342,sarfaraj.sipai@techaxion.com,dsadsada,Yes
Sarfaraj,2342342342,sarfaraj.sipai@techaxion.com,asdsad,Yes
Sarfaraj,2342342342,sarfaraj.sipai@techaxion.com,sdfdsfds,Yes
Sarfaraj,2342342342,sarfaraj.sipai@techaxion.com,asdasdasd,Yes
Sarfaraj,2347863249,sarfaraj.sipai@techaxion.com,ddfgfd,Yes
Sarfaraj,2342342342,sarfaraj.sipai@techaxion.com,asfd,Yes
